"product_id","product_name","category","unit_cost","unit_price","total_quantity_sold","total_revenue","total_cost","total_profit","profit_margin_percent"
"P015","Engine Block EB-600","Engine","95500","119000","45222","5381418000","4318701000","1062717000","19.75"
"P014","Transmission Assembly TA-800","Transmission","68500","83500","45035","3760422500","3084897500","675525000","17.96"
"P021","Boom Cylinder BC-400","Hydraulic","35600","46200","46364","2142016800","1650558400","491458400","22.94"
"P019","Swing Motor SWM-350","Hydraulic","31200","39800","45971","1829645800","1434295200","395350600","21.61"
"P004","Track Chain TC-45","Undercarriage","32500","39800","45575","1813885000","1481187500","332697500","18.34"
"P011","Hydraulic Cylinder HC-200","Hydraulic","21500","27600","46612","1286491200","1002158000","284333200","22.10"
"P010","Turbocharger TB-900","Engine","28900","34900","46964","1639043600","1357259600","281784000","17.19"
"P030","Fuel Pump FP-350","Engine","16400","21900","45897","1005144300","752710800","252433500","25.11"
"P001","Hydraulic Pump HP-300","Hydraulic","18950","24500","45389","1112030500","860121550","251908950","22.65"
"P022","Control Valve CV-75","Hydraulic","12800","16900","45819","774341100","586483200","187857900","24.26"
"P023","Idler Wheel IW-55","Undercarriage","9200","12950","44437","575459150","408820400","166638750","28.96"
"P009","Starter Motor SM-700","Electrical","11450","14900","44946","669695400","514631700","155063700","23.15"
"P018","Wheel Rim WR-24","Undercarriage","8200","11300","45027","508805100","369221400","139583700","27.43"
"P024","Track Roller TR-60","Undercarriage","7400","10300","44022","453426600","325762800","127663800","28.16"
"P006","Alternator ALT-500","Electrical","8650","11200","46731","523387200","404223150","119164050","22.77"
"P016","Radiator RD-250","Cooling","7800","10200","46306","472321200","361186800","111134400","23.53"
"P025","Cabin Glass CG-20","Cabin","5600","7850","45598","357944300","255348800","102595500","28.66"
"P005","Fuel Injector FI-220","Engine","6350","8450","45026","380469700","285915100","94554600","24.85"
"P029","Pressure Sensor PS-90","Sensors","2750","3950","47066","185910700","129431500","56479200","30.38"
"P028","Light Assembly LA-18","Electrical","1450","2250","46164","103869000","66937800","36931200","35.56"
"P012","Brake Pad BP-40","Brakes","1800","2450","45972","112631400","82749600","29881800","26.53"
"P013","Seal Kit SK-15","Seals","950","1450","44081","63917450","41876950","22040500","34.48"
"P007","Hydraulic Hose HH-60","Hydraulic","980","1450","46468","67378600","45538640","21839960","32.41"
"P003","Air Filter AF-120","Filters","820","1250","45684","57105000","37460880","19644120","34.40"
"P020","Pivot Pin PP-12","Pins & Bushes","750","1150","45340","52141000","34005000","18136000","34.78"
"P002","Engine Oil Filter OF-90","Filters","450","720","45342","32646240","20403900","12242340","37.50"
"P008","Bucket Tooth BT-10","Attachments","340","580","45376","26318080","15427840","10890240","41.38"
"P027","O-Ring Set OR-50","Seals","260","480","45678","21925440","11876280","10049160","45.83"
"P017","Fan Belt FB-30","Belts","320","520","45578","23700560","14584960","9115600","38.46"
"P026","Grease Cartridge GC-5","Lubricants","180","310","44844","13901640","8071920","5829720","41.94"
